{
  "wall_time_seconds": 0.289498006,
  "cpu_percent_max": 51.0,
  "ram_mb_max": 10.35546875
}