{
  "wall_time_seconds": 0.617508475,
  "cpu_percent_max": 35.0,
  "ram_mb_max": 66.36328125
}