{
  "wall_time_seconds": 1.052388109,
  "cpu_percent_max": 54.0,
  "ram_mb_max": 63.53125
}