{
  "wall_time_seconds": 1.295033673,
  "cpu_percent_max": 42.0,
  "ram_mb_max": 64.265625
}