{
  "wall_time_seconds": 0.147732842,
  "cpu_percent_max": 22.0,
  "ram_mb_max": 16.09765625
}