{
  "wall_time_seconds": 0.059316603,
  "cpu_percent_max": 29.0,
  "ram_mb_max": 16.52734375
}