{
  "wall_time_seconds": 0.127076562,
  "cpu_percent_max": 21.0,
  "ram_mb_max": 16.21484375
}