{
  "wall_time_seconds": 12.491060972213745,
  "cpu_percent_max": 109.6,
  "ram_mb_max": 115.73828125
}