{
  "wall_time_seconds": 0.95093931,
  "cpu_percent_max": 16.0,
  "ram_mb_max": 28.33984375
}