{
  "wall_time_seconds": 0.526055889,
  "cpu_percent_max": 10.0,
  "ram_mb_max": 30.32421875
}