{
  "wall_time_seconds": 0.54216648,
  "cpu_percent_max": 11.0,
  "ram_mb_max": 27.1484375
}