{
  "wall_time_seconds": 0.683277304,
  "cpu_percent_max": 16.0,
  "ram_mb_max": 28.0078125
}