{
  "wall_time_seconds": 12.554033756256104,
  "cpu_percent_max": 109.7,
  "ram_mb_max": 115.87890625
}